image_id,load_pct
img_003649737a27c4e2767c,10.0
img_0087a53e98b76a30da59,10.0
img_00afab9e7c4183caf986,45.0
img_01c44822fbdbde552b1d,100.0
img_0286d4a57c49c7d21219,10.0
img_029c06206f3c61693ffa,100.0
img_02d415df9c4079e8b67b,40.0
img_030d55bf48bbb715d691,85.0
img_03120dfa680e3de41dc1,25.0
img_03204628c869342ed453,45.0
img_03e29ba4e64dc72d2355,80.0
img_04b8970b0c4e0055d087,20.0
img_04c8452fe0099c3e2e9c,20.0
img_054c233f676b84fd4d84,60.0
img_0599cec71d4db80bc22f,10.0
img_06211d5eea1db01582b4,50.0
img_0650a0e5f7bb1f905534,20.0
img_07528c411544a0c9ebd7,95.0
img_07cb68f0d4e6fadbe5fe,95.0
img_07fd14fa85f59e4d8312,20.0
img_0807a49533966542bdbc,2.0
img_086301b5655f15fcecd2,90.0
img_089748094c34cef78444,20.0
img_08b9e9eb3393e4fbaf86,100.0
img_09abe15ab7e8306c3137,70.0
img_0a15e65c599104fdf1dc,25.0
img_0b9683b0e215ea15f0fb,100.0
img_0bd0d1cc730a7e38b8e2,35.0
img_0c147db423e3f0fca767,10.0
img_0c224c3ccec577227082,75.0
img_0c33665b6e64a5eb5601,80.0
img_0cab19d24b8c7db7c20e,80.0
img_0cb24e4cb08db522fa01,15.0
img_0d39cdcf4c2d72534f73,95.0
img_0e44c9528e16d9fd70a5,15.0
img_1087eaaf3495c202107d,20.0
img_11719ffa10dd79b4666d,100.0
img_11898151a1fa2411f013,100.0
img_11aaee1ea0001dcbb6a5,100.0
img_11f89cb088f756522c91,100.0
img_121adeacba267b3a02c1,35.0
img_126d43916be1c9406a9c,20.0
img_12d67df7c5999dd6f7d4,70.0
img_13427cbd7fe11aa5b2bd,100.0
img_139676aa1580053f7584,90.0
img_13de2b2eeaa961738452,40.0
img_14532de5f5cc4219a4e2,90.0
img_154c5b5fe7ccc7f06f7f,35.0
img_1688fc1bbb217f067296,10.0
img_16bd9cbca1c43f75ea5a,65.0
img_1743d98453b06eb14ae5,100.0
img_17801937df1c2a7ffea1,20.0
img_178ad1c4967284470b1e,25.0
img_17e798eecaa524c1672c,80.0
img_181760e7ad58bb667c5e,95.0
img_1826a8294b2bb22595a9,2.0
img_18e1e7031747b0aedf08,20.0
img_18f4fab15b89804aced8,10.0
img_19e584efbaeaed1440d7,90.0
img_19ea3809e9c2f9dc4bd0,50.0
img_1b373aa0f5cd2b6c73e5,5.0
img_1c4ac23811e18b049190,90.0
img_1c724f01f91c21897b1a,25.0
img_1cefe281031d0cbb1890,10.0
img_1d74a8096ebd9f0b1037,35.0
img_1dddd9fb72abeba4ee82,50.0
img_1e0a3ed3e0c59ba40178,80.0
img_1e3a4eb4a296768526ae,20.0
img_1f8c15df2fb17bd6708c,10.0
img_1fe0199408e72553dc96,100.0
img_2095217d5ae7ef49e4da,25.0
img_216b147a02314cba385f,15.0
img_2182b8cbcb0920afd7b7,50.0
img_21c6d980931a55ce5cdc,50.0
img_21d3dd2373d644324149,45.0
img_2206f6e53792b4a05553,100.0
img_222026d73e214e42a48e,10.0
img_22500081154f499942b0,50.0
img_237d192485248d7bf1d2,80.0
img_24a161abb4de9f12cfc9,20.0
img_24ed7063359d5a2814e8,100.0
img_25a11dca94560c32ef84,70.0
img_25ca3fd686324c181db7,100.0
img_26298666bb5128a56724,75.0
img_2635921ab3d8d4638041,100.0
img_264d6ecd5864ff9f7efa,5.0
img_2682605464ff306158d3,90.0
img_27c59ed267dd926c0625,30.0
img_27ce15e27e259dbb5619,65.0
img_280cd4c58ba2bda27826,100.0
img_281c77a5fd61cad44665,15.0
img_2882667a16b6e1e9bdb8,10.0
img_290798fd6e119c0f17a7,100.0
img_2918025e609f581d50d4,15.0
img_2a0dfeaa306461a3907b,100.0
img_2a707db353909d094eb3,85.0
img_2a80651c5dbb9487b239,20.0
img_2aca16190d98221e14d1,40.0
img_2b235adf77e23991b3a1,100.0
img_2b35aaa88c4bd81a89d8,95.0
img_2be4b0ff2a44c2fdb115,35.0
img_2bfb5703b122d599f76e,85.0
img_2c362db54f27c19c7522,20.0
img_2ca0d566477dfd02f9a1,3.0
img_2d13f13c6c6288b14473,90.0
img_2d533863cb33cfaec3a6,80.0
img_2dc62de60d77687544d4,90.0
img_2df148e6a72f5def888d,100.0
img_2e29c9a8160139d3ee75,50.0
img_2e9fd6c0bc2486cee0a8,80.0
img_2eaa64aa839ec066d865,75.0
img_2ec04009b4976d27b74d,90.0
img_2eff018b392ac16fd086,40.0
img_2f83f3bee60ef107c413,90.0
img_2fbe094bf8d53d239ad1,20.0
img_2fe8eabbb36648f14b7d,70.0
img_31893bc2b2eb9b3cf18f,5.0
img_319facca57ec8cef13c3,80.0
img_31dccd9625c0a471bcb2,25.0
img_3248a20ba1e5d6f644b7,60.0
img_325cd5c5bac3a18ee3ee,75.0
img_326e229f0de19b32ea33,10.0
img_32f85dcb7edfca545aa5,90.0
img_3307b5e0d772bf8fa470,90.0
img_330988ce4cb921afbe33,20.0
img_333f8ebc88fb8219947f,80.0
img_345c3aed6ffad06c0939,40.0
img_34a4528a59bc0c047ef7,95.0
img_355d1577f110dbe42624,35.0
img_3560747b34a946955b57,20.0
img_35939e1603bc72a6c91b,100.0
img_35be322e4a3c734cd215,5.0
img_35f90f5b7f0dece2994b,20.0
img_363eb135bdc8a627b930,100.0
img_369d0fd9253f7803cf53,90.0
img_3734bfcae4245eb0fa22,10.0
img_386761fc0ae1c50d4df8,40.0
img_38e8210c9c862ecd30cb,95.0
img_3901072d9104ee457cf4,100.0
img_393331ed7ff1605ca96a,10.0
img_3a4db33a2dd6f7a5c64e,100.0
img_3adf3a7d3629fd83af9f,100.0
img_3c12cd26de6579c7c5fc,10.0
img_3d09e679130e79c429e2,90.0
img_3d316581b0becea822b9,90.0
img_3d8252969b845fca07bb,100.0
img_3d94cf92c07065ef10fc,40.0
img_3dab13924eb9e95d683c,100.0
img_3ddbfa4ea55b2da37a09,95.0
img_3e1aa992032d3cdc19f2,95.0
img_3e64e08267e4b697cc88,20.0
img_3e77762f3180b3fd306c,90.0
img_3ed6bb690e564281d175,10.0
img_3f054cd7b1ef2eaa7549,10.0
img_3f0713f25ba71a75a892,75.0
img_3f0fd88aa8ace867d651,100.0
img_3f162f4bb433cd552663,50.0
img_3f5bb0df8b07c91875b0,90.0
img_3f74916e1465afacb35b,100.0
img_40010efa34db6cd92011,10.0
img_40b7e29be5c47dc3cafc,95.0
img_40b87146d548dd670b91,10.0
img_40c636e6c07ad096f611,20.0
img_40c87112ff9509bee28a,90.0
img_40dda35899023ebedee7,80.0
img_40ee5bfeb06be9144dd4,75.0
img_40f8faa53c571bbb8d43,80.0
img_413843a0b4bee8ee51c2,10.0
img_4152fe3765591966a6d4,85.0
img_417a25b1ef9a73fecc85,5.0
img_418bb547be9aa782bc7a,80.0
img_41c97c5f7ea9512256b8,25.0
img_4228478ec4b7cf7eab81,5.0
img_4241ae9aa263dcde5abf,100.0
img_431e4e23913484c5aae8,50.0
img_43ace004ec2ee089054c,10.0
img_43cf6f9b8c9ca0f162e0,100.0
img_43d921fb1b7f33459e59,40.0
img_44f6102138ee907970fe,20.0
img_4595f30e2a29ff9673fb,65.0
img_45dd7eab189dee356dae,100.0
img_45eb04e39bc7ffe38513,15.0
img_461b81f25c782404c2a6,30.0
img_461c92463547527666ba,40.0
img_464ae54e5f0d28d1267a,100.0
img_4684e5655dbf6fd89d62,100.0
img_46944e0ae09d5bb6509b,90.0
img_46cdf5a158b9764f8098,100.0
img_46d94b7ac9dd74cd2aaa,2.0
img_47816531a920409760e3,100.0
img_481babf60edc6b01746b,1.0
img_483177ae61af00471f98,15.0
img_498a8cca9347395e96d8,60.0
img_49a4cb1f1847c5563dfa,100.0
img_49ba922809852c25b419,70.0
img_4a77186d6d3095042e99,70.0
img_4a7c74bb1464dbc13201,5.0
img_4ae4e1c2eda931fb9b42,5.0
img_4b7b1b459e9d270f646a,5.0
img_4bd15d634df9b73a808d,50.0
img_4bfb6cc65b1db55d33d9,5.0
img_4c2b464198c6e91b2803,100.0
img_4c3a9b82907d5bc8fed8,90.0
img_4c570fb133d50b453614,75.0
img_4d3ba9c083e623c6dec4,50.0
img_4d6ef14f2d8d5ffe3c31,90.0
img_4db921093e0d8b1b8af2,0.0
img_4df2b6b950d73f78e5a4,90.0
img_4f543307edb8aa2b6adb,5.0
img_4fea152c8b22ae433f94,90.0
img_4fed2d69f1d967cb6a38,40.0
img_4ffc66e2e39991648c04,20.0
img_4ffdc1908644c09b4411,20.0
img_520c0693ceedc81b1ab9,90.0
img_5221b7575e8e9c42f393,100.0
img_528ba3305b7251ce43bf,15.0
img_533bb8794ea5a199aaaa,85.0
img_53807fb9cd3a061ae60d,25.0
img_549e8382ea5b44921e00,10.0
img_54eaf29c0d087b5ac803,90.0
img_57285b3f417a465901b0,15.0
img_5752de0317e708d35616,95.0
img_57dd1d3c763bf87e014d,100.0
img_57eff6e38d023de536fd,80.0
img_5849a16b7733f5ff545a,50.0
img_5959bce6ddfba818ada3,100.0
img_5ac2e1e980886640798b,15.0
img_5b1f259be98ea8ea4e62,70.0
img_5b628075717052e9cda5,10.0
img_5b9497b0d47ae4e4db80,10.0
img_5c920c22bcf24933e0a9,100.0
img_5d03f5fabe42ad5fdbe9,80.0
img_5d877a16b184fd53de91,20.0
img_5da80a3ed7ecfa5b530c,40.0
img_5df81a2ae80ae1bbc7a3,100.0
img_5e1eb289353f0e7b2423,80.0
img_5e9dd11fdedbaaf1c189,15.0
img_5f1da3f2bf9d4f5e3b8d,30.0
img_5f799809eb051160f75f,100.0
img_605e1a57e857415a7d9d,10.0
img_609ffa477441e0e3ab61,10.0
img_60c3eefe5b6b1ceb2d21,10.0
img_60f2ecbc145f643b2fa5,100.0
img_60faf63cc41074026ba5,100.0
img_610e73c5538aeda0b827,95.0
img_611270ce09b146598473,95.0
img_61141a57d460443ab14e,70.0
img_612ca250d21d1af987c7,85.0
img_6142c42036b36f692188,80.0
img_6196eccd7716ba76af31,100.0
img_61d81b075ffca06cdd1a,15.0
img_61f79c0a568ebfab6149,15.0
img_6216c45dc735d89cac99,90.0
img_6298f5922760bcf31580,60.0
img_629be39fa3ea24d35e6e,10.0
img_62d5d6d0c9935e623494,10.0
img_638de33f5e75a366f996,100.0
img_63a2ce7554bc7f8917e7,100.0
img_63b25471e54633426d8a,90.0
img_645403f1349d90ee38a2,90.0
img_6485d5725fa4f12c637d,65.0
img_64c5f10837c95f410767,70.0
img_652a86fb73ed16d28a34,95.0
img_65509417c28922c8f080,20.0
img_66ee23dfbf36987bb184,60.0
img_6746d53947c9f034fbeb,15.0
img_67926504352c8db5231e,60.0
img_67b03967c5a781d3fdef,15.0
img_68e933d1211823668a39,50.0
img_69b20a9e452ec00789db,5.0
img_69b758bcf36211dafdf2,5.0
img_69d72c16109bb0d9a003,50.0
img_6a6c2d95aa3dd6fb4de6,100.0
img_6ab490b5e92692afa518,10.0
img_6b00b882932cc02c2bd1,15.0
img_6b8210f4f5c90921f975,95.0
img_6b9a14ab254d3a1040e3,20.0
img_6cedd1ab8964e0bd9694,65.0
img_6d09c6883d3dcb167d89,5.0
img_6d0fdc18fa5d02e859d8,40.0
img_6d20af280edb18feda6c,70.0
img_6d568cd10a6e9fb520bd,100.0
img_6e29c07485ef8803e0ee,40.0
img_6e32eb469f4fd616da7a,40.0
img_6e6ec9908c213f97ca83,90.0
img_6e97cfab1991f204f855,30.0
img_6ebd0f1394fc7a29ed79,80.0
img_6ede83a80260b6e9bb0b,20.0
img_6f63ab349f3a7fa8f24a,5.0
img_6f78362e6047915ee2f1,10.0
img_6fab7e149f3da7d1ac33,100.0
img_6ffea60355da96c72355,80.0
img_70602baa41f39b5f0c5b,70.0
img_7106923d92a8e134a452,80.0
img_7108b0d74ef1e8ce6282,100.0
img_7129b4eb5aad881f8b31,2.0
img_7133726aba345ac2d170,65.0
img_7164b35610dc8f141966,100.0
img_72034ec897dcb5def239,20.0
img_722b321209a4eca64d9a,100.0
img_72e518852ab888ad92cc,15.0
img_73129ca9ab23740a4c2a,10.0
img_73249680343de378faf4,80.0
img_736ae92dec679e4fe7ce,15.0
img_73a7d7001d543554c248,10.0
img_73ee05bf64e328e6613f,15.0
img_74107ca0fbfbf78c6793,20.0
img_744a3259e2884a685818,50.0
img_745230797445061b34b6,90.0
img_748ec55485ee41bf41c9,90.0
img_74a1efa80321930b7fdd,100.0
img_74dc3c481841ad0f9ef3,20.0
img_75075b7ee9938ba0594a,15.0
img_75128078562afd372c8d,100.0
img_75405766ac967b9bd15f,10.0
img_75528561392a2b63e517,100.0
img_75a939a9c8d17afbe97f,90.0
img_76bd0402ea62797567d9,100.0
img_7722e571cdff28c8b806,60.0
img_77fa4c8684895a652c8e,10.0
img_7825149f8e36bbf7a514,20.0
img_78d90e71d1052bd62471,50.0
img_7932e5241fba51292325,80.0
img_79fdf9f831a5ce7d0ad9,90.0
img_7a3d88391465a5799407,5.0
img_7a7f537be60d224f58d0,10.0
img_7a8632b344d20f858086,50.0
img_7aeeeae15b4604f115cf,35.0
img_7be1337363b03fa0e500,75.0
img_7c9383415bd5a0da7141,80.0
img_7cfb832bec32c2338bd4,30.0
img_7d98bf28b5c16caddf82,10.0
img_7f1094dad122037cd385,90.0
img_7f3c37fa363696205ec5,65.0
img_7ff18d08200e04afddfb,80.0
img_80160b93d57c21034b71,100.0
img_80c2dae29eb665805d2d,15.0
img_80fd22358dd5eeef4337,95.0
img_81b6f39820909194d3bd,10.0
img_81f2bcc6c2e6aa025834,70.0
img_81f6f4f10a61ef5fc931,70.0
img_82eb8f0e213cd4b10a57,100.0
img_830c79510f9c659c7b3c,100.0
img_835eb60924fb69f8735f,45.0
img_836d8b70b144571d2886,90.0
img_84d12d7bfb630fe2b3bb,100.0
img_85006d73b06b7e4a8acb,20.0
img_85a8bd7108a0f419d22b,80.0
img_85b9c8c0bfc4bf9b906d,50.0
img_863c8b9030fcca6b4155,10.0
img_864278cfea2d4964370d,80.0
img_86f47f5870a193ecd5a8,10.0
img_873507fc062f01eae9c1,50.0
img_873d0df8ff6445c79bd3,100.0
img_876b0aac998c7d0f50ff,5.0
img_876c53d19d97d6244385,15.0
img_877514fc29231886b590,20.0
img_87cc305985d1e37508e9,30.0
img_87d1db19a312597c8ac7,35.0
img_8807f70051027e4a2327,50.0
img_893f5caafb50dec5d992,95.0
img_8946d70a81b90970c340,100.0
img_895e4a3f48f3a86349d3,80.0
img_8a429f1ce4876be7985f,100.0
img_8a8c6dfc7fef21dc6d0f,5.0
img_8b13cb2b7376905c65fe,100.0
img_8bafdb4f3b4132028246,2.0
img_8bb2dbde4adde784b910,65.0
img_8bd7df940e5b9aabee3d,70.0
img_8be60b2c1f07fa2658e1,10.0
img_8c064a9a1be72d196670,70.0
img_8c16e437e2c3304b5a4d,15.0
img_8c756f0a4f7fa2aa97e5,100.0
img_8cae4ac2bd1c7991710b,75.0
img_8cb61a15ea252006749a,10.0
img_8cf8faf175380a6b3828,100.0
img_8d1327a0603cf8011434,100.0
img_8d15578604d4c6552b16,100.0
img_8d3be86a0972bbc4c040,100.0
img_8d7ec608f224c9804ccf,10.0
img_8dc275946b3847a03129,10.0
img_8e165931fcc3fad0ea35,5.0
img_8e21dbffd48ead94beb6,100.0
img_8e26b3b9c9a586584b98,5.0
img_8e43af224bfeb6b3722b,100.0
img_8ea7ceb54c77605b839e,100.0
img_8eafdde70b8de6cce33d,3.0
img_8f0eba4ed5dce93d194d,80.0
img_8f3aef14389acc5db538,100.0
img_8fb20f49a8470c039130,5.0
img_8fe5b48570ad201a2b34,90.0
img_8fef08cb23c4f13b272d,60.0
img_9083678f7c4d37afd1be,5.0
img_90c904119dd04837f381,20.0
img_913f62ceb804166be025,80.0
img_917f10bf1d85d3f02c4f,15.0
img_924c4a9143c189af3c4d,45.0
img_925d0084e5b934a1f57c,1.0
img_92683f8ef286ff810a8e,60.0
img_9292ba2a4394835bb1ec,95.0
img_92bf43a6070a809b8613,15.0
img_92d879a3be78246c81cb,10.0
img_9327be05b9875b0675f3,75.0
img_934499f8c1996cf08a49,2.0
img_93760df5fc9dce336b5b,10.0
img_9380573fee6c14a05830,50.0
img_944a74e682364c1270d4,20.0
img_946e3f03b5709a4bbfba,3.0
img_949a96ec78ab9b25a545,90.0
img_952127c3d5d327a5f63c,100.0
img_9566196833e7f6ac1bf0,85.0
img_957819520a241d9f849a,10.0
img_9598916cbe7ba794e79a,20.0
img_967673ff44bd77a462b9,100.0
img_96b86b6298a7124790ba,15.0
img_974464fda84a7123115e,100.0
img_9858f4849548c1f074cf,35.0
img_9889dc4b484c073ae1c3,100.0
img_995e1a34722075440016,100.0
img_99c30e37b2ff1a3801f1,70.0
img_99d99ec10a4016eed1d0,35.0
img_99f2297af5a0804c401c,10.0
img_9a288ef006785576f196,90.0
img_9c2790f2a73251ca7c05,15.0
img_9c296e016064025c0397,20.0
img_9d981b6ac6252168c039,100.0
img_9dc4f75dc36b4926d240,40.0
img_9de6c1a260d5d1e102c7,100.0
img_9e165d5f730d8a45f310,15.0
img_9e190aa53d602dc61e9e,80.0
img_9ec218705798e254ef94,100.0
img_9ecec36c8dc85adc7c99,90.0
img_9ed6b57bd3658d1d8876,80.0
img_9ef13a771cb192cb35d1,10.0
img_9ef6abd7e14349d2bf89,25.0
img_9f2860e9a80d76149509,3.0
img_9fa862c469e734c0eb08,1.0
img_9fbdef11e32542b24679,100.0
img_a0339e1554b945db14a0,5.0
img_a04fc7c727eae40e2367,40.0
img_a0e2fa9f6249791b68b0,65.0
img_a105b6928279f29ebf69,95.0
img_a10da359696f4f8a2a4d,80.0
img_a11baa1d3086845dd2e4,30.0
img_a15a385271071406208a,80.0
img_a176fa45efc8d6254d21,80.0
img_a21a3c12513adf1430e8,75.0
img_a250c83812a27bd2bdc5,90.0
img_a271e8d7498efca1aec0,100.0
img_a2d6c3307b38661999c1,40.0
img_a37a48413e591d3b283d,10.0
img_a42c69739854a383b813,10.0
img_a4343594cc3a8a1764c0,70.0
img_a45ac6fb988e4cb59ba4,70.0
img_a45e7ed13992a48ea19d,90.0
img_a47f67b264e9d8d70657,15.0
img_a487e788c73539e5fc5c,10.0
img_a4af6505c282dbdfa484,5.0
img_a4becc6da42cf161b4b5,80.0
img_a5814b354d6f0105a301,90.0
img_a609d9c285fcc22cb2fd,95.0
img_a60d187a4e660345ff79,65.0
img_a6d5217e378f81f93e18,45.0
img_a77e14616cf138021018,100.0
img_a8b9455d4cecbcd6d3b2,5.0
img_a90a7ffc992a2f135bad,30.0
img_a9d11f8bc4a69cb3f21d,70.0
img_a9dd2c2e8501d68281f2,3.0
img_aa0e2eceaf4f30e96755,90.0
img_aa917b34c8ea1698c716,10.0
img_aad3003b59b74f964457,100.0
img_abaf59f49f1bb25e1794,70.0
img_abe7f38a59bbeef3121a,10.0
img_ac65d58dc0c8b0cdb710,80.0
img_ace5bdab86f7c65d8d3b,45.0
img_adab34b2f59881f3ece7,30.0
img_ade48a6b9bb155da49ad,100.0
img_adedcb965322dd257e38,60.0
img_ae3ec7696d853e4c3660,100.0
img_ae4962cecf14a49ba4aa,20.0
img_ae8a5ca389a745c921eb,5.0
img_af0c2e262693d53a7b43,35.0
img_af332fa5f712c7db8c56,25.0
img_af45497515dc0ca92d48,100.0
img_afb17c308f35af169426,95.0
img_afe37b094c6f67c53c02,15.0
img_aff92202cb9c434e90dd,15.0
img_b008729f9d3350d7a08c,90.0
img_b0398c7535807ed9a39e,95.0
img_b03a6a8969a78a53e9a8,95.0
img_b06fdb83ce3c027742b5,100.0
img_b096f519f6b6d7abf87d,100.0
img_b0b66e980d005b76a895,90.0
img_b155d80ef588ea208094,10.0
img_b19de4cd0b01111a121c,90.0
img_b2b34e60ed9d5967b9ad,5.0
img_b3d89e04666066db02de,70.0
img_b3e868065c00246aa70c,80.0
img_b3f9df9f627d8f5968da,90.0
img_b44ff42482e2e3877e7b,20.0
img_b4f6d3c25607cc58ab1b,90.0
img_b54fd8be2b8046d82375,5.0
img_b658cb59d42e81fb6646,2.0
img_b6c30b49578a64cf27e3,100.0
img_b6d52a0a5b471cfba7d8,90.0
img_b78620e1cf66353a7957,90.0
img_b78bedb9148b004d4f5d,20.0
img_b7e73c29f779b7c293bd,95.0
img_b88147a2cf0d4f9fb382,100.0
img_b949a3766fb1d8040f2b,80.0
img_b98f4fb7485ad5783269,90.0
img_b9c94f8a08dcde8c8053,0.0
img_b9e292e057a4760a82a9,100.0
img_ba4834b453ad7fec4fef,100.0
img_baf2052667c533dd7b43,60.0
img_bbd4272f1a196c11d97c,95.0
img_bc84bf79ad76f1c89e87,50.0
img_bcd22349f19bf0c37ade,100.0
img_bcf4587b5b6e8bc1c7e7,100.0
img_bd4ecd7459833ebaf627,15.0
img_bd7b1e9bdfa5d9511002,30.0
img_bd8045503c9f73ffd153,30.0
img_becbdb2717916baa565c,15.0
img_bf29f4b19dd436a0d240,45.0
img_bf4e1838c1659c362c02,90.0
img_c005c4fff4dde15c383d,90.0
img_c153cc526e2d9ebdc9d8,80.0
img_c211b3c3e60702bf55bf,90.0
img_c21fa196636914aa83df,55.0
img_c22c25d3464f78832b51,3.0
img_c2af226052812dad40a7,25.0
img_c3075b3e7dbb8e0da023,50.0
img_c31ae67e88d1112eeb1e,100.0
img_c3208aa6dcb321b7656b,90.0
img_c33d430162c08d18bb78,90.0
img_c3dedb39849287c798bc,50.0
img_c3fe5b9c2c6d492b9f28,20.0
img_c47737b2f333e8ac3502,65.0
img_c4a6c6da124c536f4db8,15.0
img_c56dc17aaeb2ecc9b1c2,50.0
img_c56e47f512a9a6f0b93a,80.0
img_c5c0639c7763c2543c6d,30.0
img_c62706b3bccc2566fa2d,40.0
img_c68184e3d7cacda13ceb,10.0
img_c6cc158a05147b9a4174,45.0
img_c71b4410b1f1542dcea7,5.0
img_c82c55f856a7f2ededbe,90.0
img_c83e6b60168919f34d51,100.0
img_c8570eab747f03d626ba,100.0
img_c86885fa8477261fff10,80.0
img_c8756f6ef4ed4e9e93ec,70.0
img_c8c3cbb3530d693a7d88,75.0
img_c8cb69165cbe670a6d01,100.0
img_c8ef413f012a5b214649,60.0
img_c92cae29bbb05fa8a46e,100.0
img_c9e6dabb903b06199a1a,40.0
img_ca0de5fd33b064ab35d0,50.0
img_ca954b8ea4fe89a290a9,10.0
img_ca979f037c18fd74879c,65.0
img_caa296a8dcf9f07955d9,2.0
img_cb4b8f584e17ff935ce0,30.0
img_cb96ede1d3dec9465fa9,100.0
img_cb9abc44953f89605b3d,15.0
img_cbd0103420c51ebee14f,100.0
img_cc06de4039629f480999,100.0
img_cc08f5d8da4a2e9a43ac,50.0
img_cc3e772b63ac50a83723,15.0
img_cc554230fa1eb7070ae1,65.0
img_ccc8ae6e1a92b7e7dcad,100.0
img_cccb6512aa498034bc88,75.0
img_cccc7b64f1e75ab8f77a,10.0
img_ccd4f3f65781888c6e7c,90.0
img_ce8fdef6cc7b8830fe20,10.0
img_cec09b4b10862fb154bb,95.0
img_cf6f84d2ec3a5a8a8cd9,95.0
img_cfb56bb4cb78e2871b22,95.0
img_d01da3707376d7442f7e,60.0
img_d02b872eebc11eef23bf,30.0
img_d0426b03aa4ebb5cd884,95.0
img_d0667d3e35a145105384,85.0
img_d0718526ce59fb871d45,100.0
img_d1ca1a3ea7046f2d6f39,100.0
img_d1fe35ac9b07c18248be,20.0
img_d23350376e75160c7560,100.0
img_d26eb71303b6b36d7e3a,10.0
img_d27a8423867e4a56cfdb,80.0
img_d2d64db17d016f5d6712,10.0
img_d2ebf81e5ad1cf29bfb1,20.0
img_d3a7fab004d02f72d2a1,10.0
img_d3f5e814f48a61108f0e,25.0
img_d47130b1fbd0ebcafa7a,20.0
img_d4c8961632ed25ab60f9,90.0
img_d4ee885bcf4c85fe6d26,1.0
img_d5739850460407ddf869,10.0
img_d5b7a93d91dd5677d70c,10.0
img_d5ccc0d4fd73dfc4ddaa,5.0
img_d5e2a1791e141bf593ff,70.0
img_d696bc9577ad060e1ce7,95.0
img_d6ba3f0d5aa3a72d61be,90.0
img_d711be449f00f5cd3237,20.0
img_d790718abf2e9903b1b4,100.0
img_d8eeb8a4fab758eb73bc,30.0
img_d988e0fd3e1740acc691,100.0
img_d9ee56c3a49af56eca58,75.0
img_d9f78e1c4bde20162fea,100.0
img_daf461881d59df77b569,100.0
img_db0ce97c7912975e8ad3,80.0
img_db6e8225b26df2dfa577,45.0
img_db6ed109ad3a9b7e9385,25.0
img_dbc9cdc22e509d5ca773,20.0
img_dbe7fd1d20caffb6c59a,20.0
img_dc33ebf770608c56b0fd,90.0
img_dd2fc720892f70d17d89,15.0
img_ddaa070290ebefe94a52,10.0
img_ddf3869b5ffbb72f0117,5.0
img_de2c21088acdedd84546,80.0
img_dea24f8917946c2c00f1,10.0
img_e0445efcc2c1062cd1f7,100.0
img_e06a2cdfaf687e96b878,90.0
img_e1e2e306cd6b76c720e3,65.0
img_e2196c6c9829e186ca1a,90.0
img_e225919092c68cc5c121,30.0
img_e2d3f38ad057bbaa2c09,20.0
img_e2fa4f3b7c981d063c56,50.0
img_e30d394105dfb3219714,2.0
img_e3d772979ebec182c1c4,60.0
img_e3e09ba60d2160d01a63,5.0
img_e3e6e7d6b73f23147ed5,30.0
img_e3ee08da38262bb48e77,60.0
img_e42bacf14660902717c0,100.0
img_e4a93efc46a57c18fd14,100.0
img_e4e0a368f0948240e15e,90.0
img_e5963734817e3f03eaf4,50.0
img_e624340684075b20e4c6,85.0
img_e6a6cbe088e77f62ddd4,10.0
img_e70495961ecfe3ea94d6,100.0
img_e73c04fcc6f37ec164a3,80.0
img_e75541aefcd493ab7af3,100.0
img_e77fa1d9507519bac80b,10.0
img_e78dfa8118da24739b49,100.0
img_e7aad5defda605c8d1f1,45.0
img_e7b0d4afcc04f3d9ba33,95.0
img_e804b1e400f218c8e136,35.0
img_e8178c631b45d7f17d54,100.0
img_e95a9c462faf38ab48b1,10.0
img_e9685b874850ee3ba2b6,95.0
img_e9bbe11d65fe9b30062a,70.0
img_ebde8c212b152ab960d6,10.0
img_ec12ff4744273b734a2e,30.0
img_ec9f9b4d270b92fc3089,95.0
img_ecfb4fbe8faedeebdcf3,100.0
img_ed98196b39bf0d7da3ec,10.0
img_ede74332b5fb1ac998f4,70.0
img_eeab01ff4cda38438a40,90.0
img_eeb0f947d334f1551a3a,10.0
img_ef0495a7da3404d22f81,15.0
img_ef13b35200aebafe346d,100.0
img_ef4eeab641acac069d35,100.0
img_efbcb814a6ab135f54be,60.0
img_efe2d6eb88f8d6f13cfd,100.0
img_f001257746e09cad379c,100.0
img_f02e6601b5bc5a2956ef,15.0
img_f0e11699590270e4e380,50.0
img_f16018c0b96e38661df2,10.0
img_f189eec4ebbd1e816725,70.0
img_f195992d7c8f4a8d4faa,95.0
img_f1d75301ed1af0799f9d,5.0
img_f1f41acccdd54f1be7f5,30.0
img_f21dcc4777c8ca6e9a96,100.0
img_f28843da35dd3178406d,100.0
img_f2ca49013f970dee859a,5.0
img_f385fc4a7fee5013aee7,50.0
img_f428c940f8863ecd18c5,100.0
img_f43b43bbb80153e94cb6,50.0
img_f453c9a561bae8547418,100.0
img_f483abf395033e6fb82f,20.0
img_f489ca4b629cf2d31cac,5.0
img_f55f033fe8d986b614cc,80.0
img_f5ce7b48227dd48e5254,20.0
img_f601c759e55353896900,45.0
img_f6b3650c801d37597b8d,10.0
img_f6e59fa56390657c992e,20.0
img_f6f72d40bcf0e3698409,2.0
img_f708e03db1b509a389fd,100.0
img_f730f507940eec81ad08,40.0
img_f74b9f19f2513321e3f3,5.0
img_f74f1b3a6874c6b1ce0e,75.0
img_f759ea019f0456cd4da8,65.0
img_f79892aa5b17f70428e6,10.0
img_f7b03ec25c357f0c4454,100.0
img_f85b8be1f228d3f5e978,50.0
img_f87fb46d0997860a4e9d,60.0
img_f8e056edb8cce02c6054,10.0
img_f8e8e1a46bd8cea56146,40.0
img_f9b8a94127e5e942c403,10.0
img_fa6a45af6bce08f731e3,85.0
img_facb1675134c06cebda4,100.0
img_faf61368b44f4b05dba3,90.0
img_fb14cabd0f98a15953b7,100.0
img_fb2459d50cffa955356d,40.0
img_fbac5cec31f542c261f3,100.0
img_fc2fce1a2e886409d236,100.0
img_fc64bc2da07b45040541,95.0
img_fce1204f14a5932aaaf8,80.0
img_fced9877ec2b105d584e,2.0
img_fd3a68ec492752cef69e,100.0
img_fd6455fa9c84998eded9,50.0
img_fd760985709f08bbf91b,15.0
img_fe0f9be916d68290fcf1,75.0
img_fe3ac8264708b03eed14,90.0
img_fe56e644d5f59d078261,80.0
img_fe7ba9b469135331db51,25.0
img_fed5d1688f377753ca68,95.0
img_ff79f4fea547187f544e,50.0
img_ffbadd2ee398ec508dda,50.0
img_ffc5f613aa2009f2f706,10.0
