image_id,group_id
img_003649737a27c4e2767c,grp_e5a7477767d195a3a110
img_0087a53e98b76a30da59,grp_2e7f7e1211995ba15003
img_00afab9e7c4183caf986,grp_613bc5529a675ffd294f
img_01c44822fbdbde552b1d,grp_4becfe5b5bed68ea8ea1
img_0286d4a57c49c7d21219,grp_58fa4d78b70e46d31f75
img_029c06206f3c61693ffa,grp_56442b2215de43831949
img_02d415df9c4079e8b67b,grp_2f3f94bffe108eb1dfb9
img_030d55bf48bbb715d691,grp_171b0dc427ac620550a2
img_03120dfa680e3de41dc1,grp_732a77a104572fe2548d
img_03204628c869342ed453,grp_2e29fe74bfbb355163c2
img_03e29ba4e64dc72d2355,grp_349f63988375dfbb354e
img_04b8970b0c4e0055d087,grp_0141296331d14f41534f
img_04c8452fe0099c3e2e9c,grp_de3649db769cfc602f54
img_054c233f676b84fd4d84,grp_7968d4c43a4a7f406cb1
img_0599cec71d4db80bc22f,grp_815668089ed71165d839
img_06211d5eea1db01582b4,grp_f8e4b3f10e76833e7866
img_0650a0e5f7bb1f905534,grp_870e13da805ff1923af3
img_07528c411544a0c9ebd7,grp_30ff6ba4b82b647337c3
img_07cb68f0d4e6fadbe5fe,grp_cb1cc4efe8d4450c8b0a
img_07fd14fa85f59e4d8312,grp_d66de5dd44859ca87d53
img_0807a49533966542bdbc,grp_1f8115e30741ff95dead
img_086301b5655f15fcecd2,grp_c812ad0d8690ca198280
img_089748094c34cef78444,grp_f97309df257c7542a777
img_08b9e9eb3393e4fbaf86,grp_33147e5ff37556932fb5
img_09abe15ab7e8306c3137,grp_50743c68d6d60c4f04dd
img_0a15e65c599104fdf1dc,grp_da544ba1aeb0eb128eea
img_0b9683b0e215ea15f0fb,grp_b84173d648b02f689d4d
img_0bd0d1cc730a7e38b8e2,grp_c208cd802a86c22b0c51
img_0c147db423e3f0fca767,grp_9a00c1ee25d8c29ab495
img_0c224c3ccec577227082,grp_77ab414119da5b3f0021
img_0c33665b6e64a5eb5601,grp_0fc3515866255a160f3b
img_0cab19d24b8c7db7c20e,grp_0f1c9b6ff3ddc97a7802
img_0cb24e4cb08db522fa01,grp_b418ba3892dd9daedf0f
img_0d39cdcf4c2d72534f73,grp_30ff6ba4b82b647337c3
img_0e44c9528e16d9fd70a5,grp_349259ea2956b3b2c7b7
img_1087eaaf3495c202107d,grp_674668232a926f09a40d
img_11719ffa10dd79b4666d,grp_300ab382a9dbc5eda10e
img_11898151a1fa2411f013,grp_c0805c6a368e0ff92df9
img_11aaee1ea0001dcbb6a5,grp_cfa0c55cadab4dd4dbc8
img_11f89cb088f756522c91,grp_eb3cf44fdf9ab86564b8
img_121adeacba267b3a02c1,grp_7bf022c32995e4684a48
img_126d43916be1c9406a9c,grp_eade3a0333e810d72f13
img_12d67df7c5999dd6f7d4,grp_5b2b540ad9be3f6134d5
img_13427cbd7fe11aa5b2bd,grp_8fe367e2e82d0b50c71e
img_139676aa1580053f7584,grp_acb7935da3adcde6bc2f
img_13de2b2eeaa961738452,grp_4a96630b8e662e1cf683
img_14532de5f5cc4219a4e2,grp_c5b636dc07ef30da48cc
img_154c5b5fe7ccc7f06f7f,grp_e58411d4ab0bc1153e12
img_1688fc1bbb217f067296,grp_50876be4262837d1e717
img_16bd9cbca1c43f75ea5a,grp_23a94ec1d73870cc40ad
img_1743d98453b06eb14ae5,grp_8bcd052434c770d98d52
img_17801937df1c2a7ffea1,grp_bac98df7234dc4972e28
img_178ad1c4967284470b1e,grp_b60b7cb26b1df9824104
img_17e798eecaa524c1672c,grp_8395a36ff9945f1c8c9f
img_181760e7ad58bb667c5e,grp_ee35afbf9dabb10fc93f
img_1826a8294b2bb22595a9,grp_4c1961d07bb9423ea70f
img_18e1e7031747b0aedf08,grp_c2c33c6d04df443f95c6
img_18f4fab15b89804aced8,grp_557c6791005427bb14dd
img_19e584efbaeaed1440d7,grp_9452c921306e23be7c70
img_19ea3809e9c2f9dc4bd0,grp_cd67185ba1233063bd4c
img_1b373aa0f5cd2b6c73e5,grp_fb87d381168429ec9d71
img_1c4ac23811e18b049190,grp_a25639633ccdbc0bf197
img_1c724f01f91c21897b1a,grp_82827c2463138dc3dcb3
img_1cefe281031d0cbb1890,grp_11765edcdceb3ab7d1c8
img_1d74a8096ebd9f0b1037,grp_beb9ec802baa34d9ad32
img_1dddd9fb72abeba4ee82,grp_3b25544723f7cbdd18bb
img_1e0a3ed3e0c59ba40178,grp_42408f6cebcc2c81b2e5
img_1e3a4eb4a296768526ae,grp_03146f7022c7d7ab80a3
img_1f8c15df2fb17bd6708c,grp_8a92d1e70fb704a2bc52
img_1fe0199408e72553dc96,grp_7d0805fa798dda2863dc
img_2095217d5ae7ef49e4da,grp_320793feff148a7a31cd
img_216b147a02314cba385f,grp_14e3ad1c1e479530b468
img_2182b8cbcb0920afd7b7,grp_66d565a253ff8d54a612
img_21c6d980931a55ce5cdc,grp_28a09b186332d9f59d98
img_21d3dd2373d644324149,grp_ec864a84881ff98d8c36
img_2206f6e53792b4a05553,grp_322c904f8c0ee228e737
img_222026d73e214e42a48e,grp_a55cc9d6d31b994f68a3
img_22500081154f499942b0,grp_349f63988375dfbb354e
img_237d192485248d7bf1d2,grp_bcaeecf994f28a69e87f
img_24a161abb4de9f12cfc9,grp_9aff381f5e0ab91c0e6c
img_24ed7063359d5a2814e8,grp_16753e6212fcfe32cfc4
img_25a11dca94560c32ef84,grp_23ac5a6200a841c73d5a
img_25ca3fd686324c181db7,grp_8bcd052434c770d98d52
img_26298666bb5128a56724,grp_86eea999511909047745
img_2635921ab3d8d4638041,grp_23b4849dfc8a6b97320d
img_264d6ecd5864ff9f7efa,grp_2e29fe74bfbb355163c2
img_2682605464ff306158d3,grp_1d10021734946736e7bf
img_27c59ed267dd926c0625,grp_4997f0f896e6e0478955
img_27ce15e27e259dbb5619,grp_a135ce9ede9bd7b6e991
img_280cd4c58ba2bda27826,grp_4059ff83fb88d530ead9
img_281c77a5fd61cad44665,grp_eade3a0333e810d72f13
img_2882667a16b6e1e9bdb8,grp_ec3d5e611d783cda780d
img_290798fd6e119c0f17a7,grp_4c526863193a6423679d
img_2918025e609f581d50d4,grp_2e7f7e1211995ba15003
img_2a0dfeaa306461a3907b,grp_664e86082f008ec9fa1e
img_2a707db353909d094eb3,grp_a6e26802f14e82dc5bf0
img_2a80651c5dbb9487b239,grp_155e42777fdd0e75d9e0
img_2aca16190d98221e14d1,grp_b34cd50c321df6d12fee
img_2b235adf77e23991b3a1,grp_9387490bf3b05cce4bff
img_2b35aaa88c4bd81a89d8,grp_3f500af042b71c102a3c
img_2be4b0ff2a44c2fdb115,grp_91b6fd6fedb86e6ff01b
img_2bfb5703b122d599f76e,grp_6762b74d084c6e8ed51f
img_2c362db54f27c19c7522,grp_564adbccfa61125fcbbf
img_2ca0d566477dfd02f9a1,grp_76e1ec5908602b582da0
img_2d13f13c6c6288b14473,grp_ba391ef52d81da50020d
img_2d533863cb33cfaec3a6,grp_67ccf78d37038bbd2083
img_2dc62de60d77687544d4,grp_9db1e473e620d3c154c3
img_2df148e6a72f5def888d,grp_f62d91dead969ee21c5a
img_2e29c9a8160139d3ee75,grp_2a79c712d31ef42361a9
img_2e9fd6c0bc2486cee0a8,grp_9c419bb002ef2c70e451
img_2eaa64aa839ec066d865,grp_703c09c2b889552b734e
img_2ec04009b4976d27b74d,grp_a26665ca0a7c855b83d2
img_2eff018b392ac16fd086,grp_6d06f3acbad0b01e8aee
img_2f83f3bee60ef107c413,grp_4c51baa1d0f65d7d2f1f
img_2fbe094bf8d53d239ad1,grp_ac712b82b052d01e989b
img_2fe8eabbb36648f14b7d,grp_ac79af26f5176ca39af6
img_31893bc2b2eb9b3cf18f,grp_34f90456b2df4d6cc842
img_319facca57ec8cef13c3,grp_53a1f0128d1a070581f2
img_31dccd9625c0a471bcb2,grp_0e3186c95e30535ac9da
img_3248a20ba1e5d6f644b7,grp_ce7ccfb444c42d7206ff
img_325cd5c5bac3a18ee3ee,grp_63166a97ed71bcb4cb4d
img_326e229f0de19b32ea33,grp_6789f84b1262d1b4aa82
img_32f85dcb7edfca545aa5,grp_637c2b97d9a738d89f04
img_3307b5e0d772bf8fa470,grp_6256e8c9f33851601082
img_330988ce4cb921afbe33,grp_f5435248bc2dcd04afda
img_333f8ebc88fb8219947f,grp_d79a6207bcf13a05fb5f
img_345c3aed6ffad06c0939,grp_fc0ad337ba08086fba56
img_34a4528a59bc0c047ef7,grp_da78b1e754c2df8bf621
img_355d1577f110dbe42624,grp_e722a3448505471c09f7
img_3560747b34a946955b57,grp_389d3e0453dca8a5ecce
img_35939e1603bc72a6c91b,grp_61af7513cee0d0db098c
img_35be322e4a3c734cd215,grp_8dce3de679bef597e239
img_35f90f5b7f0dece2994b,grp_f5cce077cdb0290f5fcb
img_363eb135bdc8a627b930,grp_1d26132518c1a090318d
img_369d0fd9253f7803cf53,grp_d2ba617dcea5de21a65e
img_3734bfcae4245eb0fa22,grp_14f115f40c4ab4afc690
img_386761fc0ae1c50d4df8,grp_86acfde5aef717e71f73
img_38e8210c9c862ecd30cb,grp_4c804c569f6af487936d
img_3901072d9104ee457cf4,grp_ded2bc8e48a0b17045e8
img_393331ed7ff1605ca96a,grp_e6440a9c9dc837329f3d
img_3a4db33a2dd6f7a5c64e,grp_0203dd65481cdb7c0644
img_3adf3a7d3629fd83af9f,grp_e9f03a41f5e813ba500b
img_3c12cd26de6579c7c5fc,grp_c94884255af4f01a1106
img_3d09e679130e79c429e2,grp_17979e02c4fa4efd543a
img_3d316581b0becea822b9,grp_ab3986713c65bdfa70c0
img_3d8252969b845fca07bb,grp_96af6f05640476a9cf1f
img_3d94cf92c07065ef10fc,grp_96f01511622643705d0e
img_3dab13924eb9e95d683c,grp_1158a43eedaea98c1360
img_3ddbfa4ea55b2da37a09,grp_017b5fd045d79ae7a06f
img_3e1aa992032d3cdc19f2,grp_cb784c354a8de2bbc5ff
img_3e64e08267e4b697cc88,grp_76a80612c688adf697c6
img_3e77762f3180b3fd306c,grp_c3fac805f00251ff816c
img_3ed6bb690e564281d175,grp_050f0cc8fc745933ee76
img_3f054cd7b1ef2eaa7549,grp_815668089ed71165d839
img_3f0713f25ba71a75a892,grp_2ef90eccacb0c7fbe3a3
img_3f0fd88aa8ace867d651,grp_b0511636e2e3590ad7e9
img_3f162f4bb433cd552663,grp_85c8a3740778053fe821
img_3f5bb0df8b07c91875b0,grp_590e2f990dcd5bf83db8
img_3f74916e1465afacb35b,grp_8c8f933322942d96b54d
img_40010efa34db6cd92011,grp_b0b8401ef012d1e11fdc
img_40b7e29be5c47dc3cafc,grp_c82ec8f9b20c2a5ee9f4
img_40b87146d548dd670b91,grp_14e3ad1c1e479530b468
img_40c636e6c07ad096f611,grp_afe11b1f5d86f1de330a
img_40c87112ff9509bee28a,grp_de944c774e9b813e2823
img_40dda35899023ebedee7,grp_e894075445c13e5f2527
img_40ee5bfeb06be9144dd4,grp_cef9cb3127e951b7b248
img_40f8faa53c571bbb8d43,grp_46b7f0f670f4c316c593
img_413843a0b4bee8ee51c2,grp_85fe3192853d3680c6f1
img_4152fe3765591966a6d4,grp_ed9e81fb9f54ee647764
img_417a25b1ef9a73fecc85,grp_0dbfd93c71c2b9dd4dbc
img_418bb547be9aa782bc7a,grp_da41c976bc38159e53fc
img_41c97c5f7ea9512256b8,grp_746f2ee80bd584a2b87b
img_4228478ec4b7cf7eab81,grp_6af918bca3fba86fc440
img_4241ae9aa263dcde5abf,grp_b07089aff0d2168871cb
img_431e4e23913484c5aae8,grp_2ef160108359342404db
img_43ace004ec2ee089054c,grp_fb87d381168429ec9d71
img_43cf6f9b8c9ca0f162e0,grp_2a1484a252ca12de7a37
img_43d921fb1b7f33459e59,grp_8e19ce325afc123f682c
img_44f6102138ee907970fe,grp_637f537f5d34250c2233
img_4595f30e2a29ff9673fb,grp_c119c68378c24e6294ff
img_45dd7eab189dee356dae,grp_c1dea80b54a8e4e36b3a
img_45eb04e39bc7ffe38513,grp_07003c05d55323ea00d4
img_461b81f25c782404c2a6,grp_f4a4f5d9e1fc7fd1eb4f
img_461c92463547527666ba,grp_41d0c679af7ca002be5f
img_464ae54e5f0d28d1267a,grp_f0dceab89a644bd23601
img_4684e5655dbf6fd89d62,grp_73d39bef53501385e4cb
img_46944e0ae09d5bb6509b,grp_82813fd755916c581e6e
img_46cdf5a158b9764f8098,grp_63b2741595bed95b88e8
img_46d94b7ac9dd74cd2aaa,grp_0d60f7d2e519c819483c
img_47816531a920409760e3,grp_f3b20c9c24b9875e5d9b
img_481babf60edc6b01746b,grp_fb87d381168429ec9d71
img_483177ae61af00471f98,grp_c12d2eee438d583df16d
img_498a8cca9347395e96d8,grp_6a96efeb85a48216cc2d
img_49a4cb1f1847c5563dfa,grp_7f09c7abdffba2865cea
img_49ba922809852c25b419,grp_6d78b07ac00ab80403d5
img_4a77186d6d3095042e99,grp_349f63988375dfbb354e
img_4a7c74bb1464dbc13201,grp_435802b26c91aabf6b1c
img_4ae4e1c2eda931fb9b42,grp_fb87d381168429ec9d71
img_4b7b1b459e9d270f646a,grp_7f31fd6f812fc7636bde
img_4bd15d634df9b73a808d,grp_9acf723591665421f61a
img_4bfb6cc65b1db55d33d9,grp_1ca11e660cd110ccdf77
img_4c2b464198c6e91b2803,grp_a28736f95c1fa4bc3823
img_4c3a9b82907d5bc8fed8,grp_48b4f1a20033238ae2ee
img_4c570fb133d50b453614,grp_de342f0b2b84b84e136b
img_4d3ba9c083e623c6dec4,grp_8977ece9a43a71df84e1
img_4d6ef14f2d8d5ffe3c31,grp_3a024e1ff14089396d50
img_4db921093e0d8b1b8af2,grp_1b916a84959bf0775e17
img_4df2b6b950d73f78e5a4,grp_5b9c0ef9e86aeb55586d
img_4f543307edb8aa2b6adb,grp_d96d25d6c86e92c12c28
img_4fea152c8b22ae433f94,grp_6551c8ad82b94b3b172b
img_4fed2d69f1d967cb6a38,grp_1ac0500d283aed57fb36
img_4ffc66e2e39991648c04,grp_a9f5e7a55bdc88c07dd4
img_4ffdc1908644c09b4411,grp_12ed06e973affc217e14
img_520c0693ceedc81b1ab9,grp_a94ff2e63f457fcf7534
img_5221b7575e8e9c42f393,grp_2d6fa28c67ff66e9553b
img_528ba3305b7251ce43bf,grp_fb87d381168429ec9d71
img_533bb8794ea5a199aaaa,grp_2c4f6c71569f97810904
img_53807fb9cd3a061ae60d,grp_629772e2db9a0a95ded7
img_549e8382ea5b44921e00,grp_58473dd5049fa159a042
img_54eaf29c0d087b5ac803,grp_8ade6e1bfdfe3247b182
img_57285b3f417a465901b0,grp_b992bc0f6cfcdd02ff7c
img_5752de0317e708d35616,grp_2d20517493af1b0eb1ee
img_57dd1d3c763bf87e014d,grp_ae8be543f8c9d0c7b0e2
img_57eff6e38d023de536fd,grp_4794e4506502e516c5b7
img_5849a16b7733f5ff545a,grp_cb62185b074f3cfaeaa2
img_5959bce6ddfba818ada3,grp_01c1dc2a9ba3e2206a28
img_5ac2e1e980886640798b,grp_6d13432b9cdc90fe8404
img_5b1f259be98ea8ea4e62,grp_e3430bd9a35b22dbd5a4
img_5b628075717052e9cda5,grp_4ea735e701b9265a7d35
img_5b9497b0d47ae4e4db80,grp_875228b0d88b9b191c4c
img_5c920c22bcf24933e0a9,grp_cd9fd7f92874d9039bdf
img_5d03f5fabe42ad5fdbe9,grp_d57a7fa7ed159cc62744
img_5d877a16b184fd53de91,grp_18cad5510dc134e2df9a
img_5da80a3ed7ecfa5b530c,grp_9533c7f4c951ecb2db0a
img_5df81a2ae80ae1bbc7a3,grp_bde3d6a3d496e0aabe55
img_5e1eb289353f0e7b2423,grp_4a2df857eb73a2f5b1ec
img_5e9dd11fdedbaaf1c189,grp_a9407f8bdef92f03c698
img_5f1da3f2bf9d4f5e3b8d,grp_6d06f3acbad0b01e8aee
img_5f799809eb051160f75f,grp_9bcbc2b74ed4ec1e1cd1
img_605e1a57e857415a7d9d,grp_98a62efc0f64aaf6bcd2
img_609ffa477441e0e3ab61,grp_1e6b910ac3880586ae36
img_60c3eefe5b6b1ceb2d21,grp_28b245382608524bb30e
img_60f2ecbc145f643b2fa5,grp_8f454727874662d47fc3
img_60faf63cc41074026ba5,grp_e91a79a66b0030c2a5fd
img_610e73c5538aeda0b827,grp_070e8a5dfbadcf6cc4f6
img_611270ce09b146598473,grp_9123320b44ff594a9e37
img_61141a57d460443ab14e,grp_38e2876060d6a4049007
img_612ca250d21d1af987c7,grp_dd125738a3542d1220a7
img_6142c42036b36f692188,grp_4e8fbcb2df4898dedbd9
img_6196eccd7716ba76af31,grp_0960ce065429256f2ace
img_61d81b075ffca06cdd1a,grp_82076a9c1b9c2f6537b3
img_61f79c0a568ebfab6149,grp_e5a7477767d195a3a110
img_6216c45dc735d89cac99,grp_505e6a5b9174e1dbe8c7
img_6298f5922760bcf31580,grp_2a903c5b0d17cc291446
img_629be39fa3ea24d35e6e,grp_3cf3d954bb3ef75a07f8
img_62d5d6d0c9935e623494,grp_38d13316f2cbd214d291
img_638de33f5e75a366f996,grp_2874d37b7c53968310e4
img_63a2ce7554bc7f8917e7,grp_4728b7b88467f68bb92b
img_63b25471e54633426d8a,grp_a035464807aa0b31fb51
img_645403f1349d90ee38a2,grp_74cb8ecee79a70aeea74
img_6485d5725fa4f12c637d,grp_001044df57e369164873
img_64c5f10837c95f410767,grp_c7ed2d5bdfd51c523ea4
img_652a86fb73ed16d28a34,grp_b3b617012254b277ddf5
img_65509417c28922c8f080,grp_98992c23b81f352cb1d2
img_66ee23dfbf36987bb184,grp_ac22a022b245a337ea47
img_6746d53947c9f034fbeb,grp_ef5b1ceb7ff92617d18a
img_67926504352c8db5231e,grp_d4152562ad43f3dd60df
img_67b03967c5a781d3fdef,grp_2531ec90b8a6f94531cc
img_68e933d1211823668a39,grp_188ef1ee403d524d2121
img_69b20a9e452ec00789db,grp_a52c713dbd599c2a3dbd
img_69b758bcf36211dafdf2,grp_6d61655bb3a42e75ec4f
img_69d72c16109bb0d9a003,grp_47d0a91aced406ce671f
img_6a6c2d95aa3dd6fb4de6,grp_47fb812e036e35f022d0
img_6ab490b5e92692afa518,grp_6c05f0f6fe41ff538068
img_6b00b882932cc02c2bd1,grp_2e29fe74bfbb355163c2
img_6b8210f4f5c90921f975,grp_5b45469ed19b7ce0329b
img_6b9a14ab254d3a1040e3,grp_2d4093acd7249eaf58c3
img_6cedd1ab8964e0bd9694,grp_1f11516acb566e599ca8
img_6d09c6883d3dcb167d89,grp_e7d9318a55267a34b297
img_6d0fdc18fa5d02e859d8,grp_d5566e30eef6ca8a2776
img_6d20af280edb18feda6c,grp_b589a35f7462694320bb
img_6d568cd10a6e9fb520bd,grp_8429ea216e3efa8f0b28
img_6e29c07485ef8803e0ee,grp_2e29fe74bfbb355163c2
img_6e32eb469f4fd616da7a,grp_0f2096fbde4115cc09f1
img_6e6ec9908c213f97ca83,grp_94bcad1d22cf7cab5cd1
img_6e97cfab1991f204f855,grp_35201bb709053d94a81e
img_6ebd0f1394fc7a29ed79,grp_995a4bf7743251904517
img_6ede83a80260b6e9bb0b,grp_4f48d8fd6a9514d190bd
img_6f63ab349f3a7fa8f24a,grp_65f9850bea50de1fd5e5
img_6f78362e6047915ee2f1,grp_b39ee4d2b31c097ca4b0
img_6fab7e149f3da7d1ac33,grp_63968dea4729928e897d
img_6ffea60355da96c72355,grp_8be556abd875d050efa7
img_70602baa41f39b5f0c5b,grp_290d3afcc536a8161dca
img_7106923d92a8e134a452,grp_2d9c4e5a0132df1d39ab
img_7108b0d74ef1e8ce6282,grp_08cfd36e4cb83e60e1f9
img_7129b4eb5aad881f8b31,grp_f6b5f963c6f09a9deef7
img_7133726aba345ac2d170,grp_e937ad2b8b6b5f47e8d9
img_7164b35610dc8f141966,grp_c181964d1c59e370ac62
img_72034ec897dcb5def239,grp_f015df38679c9b8d302e
img_722b321209a4eca64d9a,grp_1842716546a1799839bc
img_72e518852ab888ad92cc,grp_da5c2f09632a0d8953df
img_73129ca9ab23740a4c2a,grp_131aa689c9a141a54c8a
img_73249680343de378faf4,grp_36ea11f51a4d0d9efb55
img_736ae92dec679e4fe7ce,grp_8bc78a3dcf4ff3085bbe
img_73a7d7001d543554c248,grp_59a06f83ae31d54f5e29
img_73ee05bf64e328e6613f,grp_fb87d381168429ec9d71
img_74107ca0fbfbf78c6793,grp_a13e5c465fe799e10012
img_744a3259e2884a685818,grp_4fdd27f9104fd24b1ade
img_745230797445061b34b6,grp_b530e1de3a8981cf53e1
img_748ec55485ee41bf41c9,grp_f748173aa3bb438058e1
img_74a1efa80321930b7fdd,grp_a9ee9623cc9bfbaa1022
img_74dc3c481841ad0f9ef3,grp_d682466ed575869b5acf
img_75075b7ee9938ba0594a,grp_9b31cc66936d0002be45
img_75128078562afd372c8d,grp_cb2638a8b65f9aa64015
img_75405766ac967b9bd15f,grp_5211693882316e05e3b2
img_75528561392a2b63e517,grp_7e4828d3e96d6bf215f9
img_75a939a9c8d17afbe97f,grp_6c303db22f2e02322ae1
img_76bd0402ea62797567d9,grp_0e39ec3b9862593dc6b9
img_7722e571cdff28c8b806,grp_254709c39346d836ba56
img_77fa4c8684895a652c8e,grp_f11b2e58888fdc2bd4f8
img_7825149f8e36bbf7a514,grp_835983be1c108eea6457
img_78d90e71d1052bd62471,grp_4772af4157be0fc05fc9
img_7932e5241fba51292325,grp_7ac61ff186673700f941
img_79fdf9f831a5ce7d0ad9,grp_df793fe8e997e13d5f4a
img_7a3d88391465a5799407,grp_fb87d381168429ec9d71
img_7a7f537be60d224f58d0,grp_d27bb2904a69977a90dd
img_7a8632b344d20f858086,grp_c80d5449ae8093af5341
img_7aeeeae15b4604f115cf,grp_556ad74c757139ce82bb
img_7be1337363b03fa0e500,grp_f4d9af3cf75f571e850c
img_7c9383415bd5a0da7141,grp_340f2185d4e82616b8fb
img_7cfb832bec32c2338bd4,grp_05880dba62b1c83aa2f3
img_7d98bf28b5c16caddf82,grp_1dc887de4d1e379118b6
img_7f1094dad122037cd385,grp_82e89dae8fcfb3daf5e7
img_7f3c37fa363696205ec5,grp_efdb3642d84130855da1
img_7ff18d08200e04afddfb,grp_29fe5fe747e22fcf0965
img_80160b93d57c21034b71,grp_0dd51b4627a26b80f875
img_80c2dae29eb665805d2d,grp_44a7712340bae4ed137c
img_80fd22358dd5eeef4337,grp_5ba40c3e1e91863c08b4
img_81b6f39820909194d3bd,grp_60459b129323057e21de
img_81f2bcc6c2e6aa025834,grp_37e3f6637b292e72d3c5
img_81f6f4f10a61ef5fc931,grp_e2f7c12897035d3ccb88
img_82eb8f0e213cd4b10a57,grp_a436111d20b7cdf5c8c9
img_830c79510f9c659c7b3c,grp_687e5aab6cb9dfe9fbfe
img_835eb60924fb69f8735f,grp_8d1a41c24b8463c4b599
img_836d8b70b144571d2886,grp_cd76bba12e758fae190a
img_84d12d7bfb630fe2b3bb,grp_8644e58588c4269cb871
img_85006d73b06b7e4a8acb,grp_67cdb254f8e9e8411528
img_85a8bd7108a0f419d22b,grp_b4811bcb0152da04cc10
img_85b9c8c0bfc4bf9b906d,grp_eb992a027d091d53ee81
img_863c8b9030fcca6b4155,grp_2c4c8ba1d77e4951023a
img_864278cfea2d4964370d,grp_a6e687e47912d3e1e5f5
img_86f47f5870a193ecd5a8,grp_815668089ed71165d839
img_873507fc062f01eae9c1,grp_17979e02c4fa4efd543a
img_873d0df8ff6445c79bd3,grp_0faf71e1178915b9ab87
img_876b0aac998c7d0f50ff,grp_50f64992256f1921fa91
img_876c53d19d97d6244385,grp_1a014ee5072b927042dc
img_877514fc29231886b590,grp_b09b9e04f11148b23b6e
img_87cc305985d1e37508e9,grp_2e29fe74bfbb355163c2
img_87d1db19a312597c8ac7,grp_38c76375a22d1d4f19c0
img_8807f70051027e4a2327,grp_ffcb7f796183bb83115d
img_893f5caafb50dec5d992,grp_a87435ed146945aa18a3
img_8946d70a81b90970c340,grp_1f39df1e1e4dabb01b5b
img_895e4a3f48f3a86349d3,grp_50138d412f907f95c90d
img_8a429f1ce4876be7985f,grp_a70b046aeeb3dd3e88c7
img_8a8c6dfc7fef21dc6d0f,grp_2f96a40f5acc5002b56f
img_8b13cb2b7376905c65fe,grp_46d6205e3cdd58d5535f
img_8bafdb4f3b4132028246,grp_2490b29185e0b0bc78bb
img_8bb2dbde4adde784b910,grp_6ad432bbb96e87787c72
img_8bd7df940e5b9aabee3d,grp_df4f908c9b73b82019c6
img_8be60b2c1f07fa2658e1,grp_ebc9fe062d9e13c82f30
img_8c064a9a1be72d196670,grp_2e35a9782c7209609a83
img_8c16e437e2c3304b5a4d,grp_d2dcfbbe8b72a0513f25
img_8c756f0a4f7fa2aa97e5,grp_cb277175f205803f2f1e
img_8cae4ac2bd1c7991710b,grp_a22cfce74560e15d261c
img_8cb61a15ea252006749a,grp_bc9d106ba52f85b24218
img_8cf8faf175380a6b3828,grp_8fa1458f05dbeeb71e54
img_8d1327a0603cf8011434,grp_ef5d2d05dfb074b5a6e6
img_8d15578604d4c6552b16,grp_3836121859bfa4f822d8
img_8d3be86a0972bbc4c040,grp_08772951e3254d9c8e7c
img_8d7ec608f224c9804ccf,grp_7761cbe732aaafd3f9fa
img_8dc275946b3847a03129,grp_815668089ed71165d839
img_8e165931fcc3fad0ea35,grp_fb87d381168429ec9d71
img_8e21dbffd48ead94beb6,grp_2e68f59efe4dc3e460c8
img_8e26b3b9c9a586584b98,grp_2e29fe74bfbb355163c2
img_8e43af224bfeb6b3722b,grp_21a32b860fd057a28df8
img_8ea7ceb54c77605b839e,grp_d52abc0ed6f5e75c4419
img_8eafdde70b8de6cce33d,grp_fb87d381168429ec9d71
img_8f0eba4ed5dce93d194d,grp_45a1dd9d83016115855e
img_8f3aef14389acc5db538,grp_174b4a619d00695115ce
img_8fb20f49a8470c039130,grp_fb2a6c9b9c868a07eb4b
img_8fe5b48570ad201a2b34,grp_f2dfa6df02e75d56bcd2
img_8fef08cb23c4f13b272d,grp_2ce17afd4188cc75ea95
img_9083678f7c4d37afd1be,grp_9c469892b81e6b3a403c
img_90c904119dd04837f381,grp_9a0c06427642d648076e
img_913f62ceb804166be025,grp_87a90dd4026c73423a61
img_917f10bf1d85d3f02c4f,grp_00ec7cce8c4155bf65a6
img_924c4a9143c189af3c4d,grp_1ca11e660cd110ccdf77
img_925d0084e5b934a1f57c,grp_fb87d381168429ec9d71
img_92683f8ef286ff810a8e,grp_cfff3ab1a8b8c929b1d6
img_9292ba2a4394835bb1ec,grp_dc5c68d49da3079bf12f
img_92bf43a6070a809b8613,grp_c92a045200ab962c59f3
img_92d879a3be78246c81cb,grp_02756c82589fe05e22a1
img_9327be05b9875b0675f3,grp_1164d960758f24095f43
img_934499f8c1996cf08a49,grp_92968d2a95e3ca9dac07
img_93760df5fc9dce336b5b,grp_a9b466788fd3c3b1e8e9
img_9380573fee6c14a05830,grp_e20a173cd7bc5dab79f0
img_944a74e682364c1270d4,grp_47178d6f8b2d600242aa
img_946e3f03b5709a4bbfba,grp_ed14c63d8a583b4c89bd
img_949a96ec78ab9b25a545,grp_0a34eba018794137e1c2
img_952127c3d5d327a5f63c,grp_c2c2ce807f28a1de69e5
img_9566196833e7f6ac1bf0,grp_349f63988375dfbb354e
img_957819520a241d9f849a,grp_50862bb1cf4e842604c5
img_9598916cbe7ba794e79a,grp_389d3e0453dca8a5ecce
img_967673ff44bd77a462b9,grp_918cee7a551be5cb98f1
img_96b86b6298a7124790ba,grp_d21b129c926ba9af4cae
img_974464fda84a7123115e,grp_af08ce4e6fe9f7b714fa
img_9858f4849548c1f074cf,grp_c5c125b7d5f18b136a01
img_9889dc4b484c073ae1c3,grp_bb041a1e356c4799fbd6
img_995e1a34722075440016,grp_20fe7f7c246385dfa37d
img_99c30e37b2ff1a3801f1,grp_d6a70747c0e0638a1ed3
img_99d99ec10a4016eed1d0,grp_588dee1b2fe5f0cc64c9
img_99f2297af5a0804c401c,grp_ed0e1b7a4942d0892e05
img_9a288ef006785576f196,grp_691558bbf36210bda8fa
img_9c2790f2a73251ca7c05,grp_0057100367546a05db1b
img_9c296e016064025c0397,grp_c08e81c823142e5554b0
img_9d981b6ac6252168c039,grp_eb02b2362908d0389f1f
img_9dc4f75dc36b4926d240,grp_2e29fe74bfbb355163c2
img_9de6c1a260d5d1e102c7,grp_15b90a8fdddb91146ba2
img_9e165d5f730d8a45f310,grp_795c2b3daeef8399cae2
img_9e190aa53d602dc61e9e,grp_06928cabbff92b39d2db
img_9ec218705798e254ef94,grp_8fde0a92c563ff426908
img_9ecec36c8dc85adc7c99,grp_0f6ea7809509f1b03566
img_9ed6b57bd3658d1d8876,grp_61b880eba2b7658f50ef
img_9ef13a771cb192cb35d1,grp_fb87d381168429ec9d71
img_9ef6abd7e14349d2bf89,grp_fa784ce185ee9b53f123
img_9f2860e9a80d76149509,grp_ad72de546a71ea9076c0
img_9fa862c469e734c0eb08,grp_a213a5408af109eab213
img_9fbdef11e32542b24679,grp_936a7c0cb175ef1bde7c
img_a0339e1554b945db14a0,grp_6f4833e72cff5331de2a
img_a04fc7c727eae40e2367,grp_690a765d13345c0be6ee
img_a0e2fa9f6249791b68b0,grp_74766fa4696723e8b337
img_a105b6928279f29ebf69,grp_4f50287e95b677947a06
img_a10da359696f4f8a2a4d,grp_9d2fb4b1e8db51c1343c
img_a11baa1d3086845dd2e4,grp_d2dcfbbe8b72a0513f25
img_a15a385271071406208a,grp_9e38b746dec5b0669f93
img_a176fa45efc8d6254d21,grp_4ed564af0060548871f9
img_a21a3c12513adf1430e8,grp_546575d925f344252271
img_a250c83812a27bd2bdc5,grp_8ee5d1ed1cd664bec179
img_a271e8d7498efca1aec0,grp_fb18a49796a61cfe208c
img_a2d6c3307b38661999c1,grp_7bf05dcfcdf6d82ab6da
img_a37a48413e591d3b283d,grp_78e831a74207eae0790f
img_a42c69739854a383b813,grp_29842e2af0e0f0f32ed6
img_a4343594cc3a8a1764c0,grp_3ba69b2b54ea509db7de
img_a45ac6fb988e4cb59ba4,grp_927fec5936d5c17c819a
img_a45e7ed13992a48ea19d,grp_bfe24ec55f51a46bed92
img_a47f67b264e9d8d70657,grp_9f134e59deb31ef28749
img_a487e788c73539e5fc5c,grp_7aed9cd6f23296613c3e
img_a4af6505c282dbdfa484,grp_271b242e00bf244a0131
img_a4becc6da42cf161b4b5,grp_b4c2e181e8c5d2f15f86
img_a5814b354d6f0105a301,grp_bd543e3927b98797791b
img_a609d9c285fcc22cb2fd,grp_9ec289935349726597c5
img_a60d187a4e660345ff79,grp_255afaa6a2ad1eb204f1
img_a6d5217e378f81f93e18,grp_f680eab9acd9290b67e9
img_a77e14616cf138021018,grp_4dc8a4de8b9c93bd13cc
img_a8b9455d4cecbcd6d3b2,grp_57be8ad8f609f2d17e8f
img_a90a7ffc992a2f135bad,grp_7da49c02202613f824ab
img_a9d11f8bc4a69cb3f21d,grp_7fcf75a5c9b171b96c5f
img_a9dd2c2e8501d68281f2,grp_f5ba5d2b668fea59a35a
img_aa0e2eceaf4f30e96755,grp_19b2cc4d769f3c5e5929
img_aa917b34c8ea1698c716,grp_df65ee0a91d1a525751e
img_aad3003b59b74f964457,grp_a8d3a24969af1d700b25
img_abaf59f49f1bb25e1794,grp_48474fea2d474a8ef781
img_abe7f38a59bbeef3121a,grp_614a6103e6657a9fcbcf
img_ac65d58dc0c8b0cdb710,grp_5867f1a1aae16fc9b22f
img_ace5bdab86f7c65d8d3b,grp_9f18c64d9a057c606e85
img_adab34b2f59881f3ece7,grp_684519c3e70f4e6cbcea
img_ade48a6b9bb155da49ad,grp_69405dbc5132b956b12f
img_adedcb965322dd257e38,grp_23db4d2f2fc4ee4ab9b1
img_ae3ec7696d853e4c3660,grp_b07e22c2f1f7bd2575b1
img_ae4962cecf14a49ba4aa,grp_b831c433f7789d49030c
img_ae8a5ca389a745c921eb,grp_8966597f9bf8a2bfe4c1
img_af0c2e262693d53a7b43,grp_36c6ba67bce332696617
img_af332fa5f712c7db8c56,grp_da5c2f09632a0d8953df
img_af45497515dc0ca92d48,grp_57e4c73890dfada427c1
img_afb17c308f35af169426,grp_8ff5d093ed7b41a47d07
img_afe37b094c6f67c53c02,grp_42d9c0ecfdd8f067d935
img_aff92202cb9c434e90dd,grp_5f9f3a0ace87c2a31bf8
img_b008729f9d3350d7a08c,grp_557cadf03553a4f4c53e
img_b0398c7535807ed9a39e,grp_dfad56add3eaa24ae2dc
img_b03a6a8969a78a53e9a8,grp_f1581c71ddf5781c3ff7
img_b06fdb83ce3c027742b5,grp_4b4fcaf02656111e0d27
img_b096f519f6b6d7abf87d,grp_ffd7787570acbce2d010
img_b0b66e980d005b76a895,grp_0c783737ea41c4b19014
img_b155d80ef588ea208094,grp_d378a267c6b3c98fe7b1
img_b19de4cd0b01111a121c,grp_6c655b9752bd24adc102
img_b2b34e60ed9d5967b9ad,grp_3bd73ff3cdd64a6f77a0
img_b3d89e04666066db02de,grp_1160e56f7155fb0199a9
img_b3e868065c00246aa70c,grp_abff1341e1e51bfcb012
img_b3f9df9f627d8f5968da,grp_994ad8a0a3b38668218b
img_b44ff42482e2e3877e7b,grp_e1444d2a6b3483b7ddd1
img_b4f6d3c25607cc58ab1b,grp_c9dd8c1aec8ee33754a4
img_b54fd8be2b8046d82375,grp_7decaeb53fd823c8888b
img_b658cb59d42e81fb6646,grp_fb87d381168429ec9d71
img_b6c30b49578a64cf27e3,grp_ba20b169c6ee5bce8274
img_b6d52a0a5b471cfba7d8,grp_16d62dfc1b102956a65b
img_b78620e1cf66353a7957,grp_7ac2f3feb8cbea815bdf
img_b78bedb9148b004d4f5d,grp_46ca8ebd5fc58a332ec5
img_b7e73c29f779b7c293bd,grp_715bf9164b89fffdab5f
img_b88147a2cf0d4f9fb382,grp_25f81de7ffd9949fcceb
img_b949a3766fb1d8040f2b,grp_8c0581af7712178ff94f
img_b98f4fb7485ad5783269,grp_8d90e458e350fb6b0e2a
img_b9c94f8a08dcde8c8053,grp_93d836aad0251705a3d9
img_b9e292e057a4760a82a9,grp_1bfe07308ce93f163c03
img_ba4834b453ad7fec4fef,grp_03afcc107bdf8a0cfa9b
img_baf2052667c533dd7b43,grp_2e29fe74bfbb355163c2
img_bbd4272f1a196c11d97c,grp_67ae9038ee2c18bac13f
img_bc84bf79ad76f1c89e87,grp_42408f6cebcc2c81b2e5
img_bcd22349f19bf0c37ade,grp_7f0833c2c3aa0f4404b2
img_bcf4587b5b6e8bc1c7e7,grp_a436111d20b7cdf5c8c9
img_bd4ecd7459833ebaf627,grp_ca959531977d1a3220fb
img_bd7b1e9bdfa5d9511002,grp_46ee594981e1ad79d94c
img_bd8045503c9f73ffd153,grp_1418bc5230539542f551
img_becbdb2717916baa565c,grp_083a77c283611e2cf15f
img_bf29f4b19dd436a0d240,grp_1e0bd58148b7bec36ca6
img_bf4e1838c1659c362c02,grp_570ef795b88deb3eeefd
img_c005c4fff4dde15c383d,grp_dec2365eedf7dc0c55b1
img_c153cc526e2d9ebdc9d8,grp_3d2bf1a07237bd8299ba
img_c211b3c3e60702bf55bf,grp_26f3a3054bfe29472d92
img_c21fa196636914aa83df,grp_571fdd00b3e49ea09649
img_c22c25d3464f78832b51,grp_d3f9551cbe7e35f1af86
img_c2af226052812dad40a7,grp_6557d83a62ead63cf53a
img_c3075b3e7dbb8e0da023,grp_acf0a261f1f975077f62
img_c31ae67e88d1112eeb1e,grp_3ad939af4f0bace3554d
img_c3208aa6dcb321b7656b,grp_0ebf24fc2ec36c9e7e21
img_c33d430162c08d18bb78,grp_7f948c676b5aaf5ef200
img_c3dedb39849287c798bc,grp_7bea608e5c61d648768e
img_c3fe5b9c2c6d492b9f28,grp_fb87d381168429ec9d71
img_c47737b2f333e8ac3502,grp_00bba1b90ea7b80189d9
img_c4a6c6da124c536f4db8,grp_76a80612c688adf697c6
img_c56dc17aaeb2ecc9b1c2,grp_d971786df0c87b4d8062
img_c56e47f512a9a6f0b93a,grp_7adc61e32217295b92ca
img_c5c0639c7763c2543c6d,grp_1753f59988f24b13899e
img_c62706b3bccc2566fa2d,grp_8b66d6402d912b69cb7f
img_c68184e3d7cacda13ceb,grp_815668089ed71165d839
img_c6cc158a05147b9a4174,grp_23a31a8d5252cafec21e
img_c71b4410b1f1542dcea7,grp_bb6abc69ff0372eec153
img_c82c55f856a7f2ededbe,grp_796596aa2037c7ae48e3
img_c83e6b60168919f34d51,grp_381a831ce367beeb3e19
img_c8570eab747f03d626ba,grp_415bd4971ae945bedfb0
img_c86885fa8477261fff10,grp_2c77fd7bb9f6ff324ef8
img_c8756f6ef4ed4e9e93ec,grp_979579545eea8aab8918
img_c8c3cbb3530d693a7d88,grp_8fa65cd1f6547c444bb9
img_c8cb69165cbe670a6d01,grp_30bfd1623438ccaad898
img_c8ef413f012a5b214649,grp_f56d7c43c54f4aebcc93
img_c92cae29bbb05fa8a46e,grp_0e1a1304eb977b811734
img_c9e6dabb903b06199a1a,grp_fc0ad337ba08086fba56
img_ca0de5fd33b064ab35d0,grp_b0f46f267b0db2a023c7
img_ca954b8ea4fe89a290a9,grp_02cf24ba61eea66577fe
img_ca979f037c18fd74879c,grp_9d4fcc87665bb47226ae
img_caa296a8dcf9f07955d9,grp_772ba01e4a548c8d13fe
img_cb4b8f584e17ff935ce0,grp_f18945cf9bcd27d3b4b2
img_cb96ede1d3dec9465fa9,grp_c53580cb8305a0b955c5
img_cb9abc44953f89605b3d,grp_ebaf3f4bea75f5bd9aea
img_cbd0103420c51ebee14f,grp_bbf87544f72721839388
img_cc06de4039629f480999,grp_9a1a0e14f0a26f9a042c
img_cc08f5d8da4a2e9a43ac,grp_c9bda8ee15580df8c6a6
img_cc3e772b63ac50a83723,grp_29311b8abf79a08547c4
img_cc554230fa1eb7070ae1,grp_2fb231216d6d87168d9e
img_ccc8ae6e1a92b7e7dcad,grp_0205bb6da454939e8116
img_cccb6512aa498034bc88,grp_a5763dd4cd188c75f222
img_cccc7b64f1e75ab8f77a,grp_5cad03ec5323181ab4da
img_ccd4f3f65781888c6e7c,grp_2d6a9c9db54aaec1b7fa
img_ce8fdef6cc7b8830fe20,grp_21e50dfc50748685229a
img_cec09b4b10862fb154bb,grp_aaaa127100a53de7fb53
img_cf6f84d2ec3a5a8a8cd9,grp_06807296a49a7f3ba404
img_cfb56bb4cb78e2871b22,grp_69b35da9637f710f15f2
img_d01da3707376d7442f7e,grp_f3d71d7b16956ec2a2e7
img_d02b872eebc11eef23bf,grp_5295ec40d4da5972eb8b
img_d0426b03aa4ebb5cd884,grp_76bd15a8b7a804af9303
img_d0667d3e35a145105384,grp_edbff98037def733defe
img_d0718526ce59fb871d45,grp_bd6a2c08565298797b90
img_d1ca1a3ea7046f2d6f39,grp_d2e42afc446d861fc68d
img_d1fe35ac9b07c18248be,grp_ba8119ebef0f44e556f5
img_d23350376e75160c7560,grp_398147d23ea6a47c4f1e
img_d26eb71303b6b36d7e3a,grp_fb87d381168429ec9d71
img_d27a8423867e4a56cfdb,grp_9bc4dc61492d48d0a9ef
img_d2d64db17d016f5d6712,grp_629772e2db9a0a95ded7
img_d2ebf81e5ad1cf29bfb1,grp_4d3a65307f65c71b46bd
img_d3a7fab004d02f72d2a1,grp_98e238f352fe890ac58d
img_d3f5e814f48a61108f0e,grp_4b14e5ad1f3b01e745cb
img_d47130b1fbd0ebcafa7a,grp_30eaab08ecffc510f3ef
img_d4c8961632ed25ab60f9,grp_cc3560f918fffe33e18b
img_d4ee885bcf4c85fe6d26,grp_ba8cdd32aabf3b0a6f70
img_d5739850460407ddf869,grp_87052f096e9513a696e5
img_d5b7a93d91dd5677d70c,grp_58ef835bd7db10b57a1e
img_d5ccc0d4fd73dfc4ddaa,grp_b418ba3892dd9daedf0f
img_d5e2a1791e141bf593ff,grp_72ee04a34e38af58fabd
img_d696bc9577ad060e1ce7,grp_1b2bd4cfe4be5fade777
img_d6ba3f0d5aa3a72d61be,grp_a2a65d739b80aaebf20c
img_d711be449f00f5cd3237,grp_b60b7cb26b1df9824104
img_d790718abf2e9903b1b4,grp_b87a719fcf452931a1c5
img_d8eeb8a4fab758eb73bc,grp_759d6820b2f5d7f71962
img_d988e0fd3e1740acc691,grp_f53bf889dd6339cd9cc0
img_d9ee56c3a49af56eca58,grp_26e43ac482113db5df09
img_d9f78e1c4bde20162fea,grp_4c804c569f6af487936d
img_daf461881d59df77b569,grp_4b5024fae5d7346e7341
img_db0ce97c7912975e8ad3,grp_7629f1c4e25140bb7eac
img_db6e8225b26df2dfa577,grp_48e080bf2f5e4d3f3f06
img_db6ed109ad3a9b7e9385,grp_8e176be00ad3eecb14bd
img_dbc9cdc22e509d5ca773,grp_9a0c06427642d648076e
img_dbe7fd1d20caffb6c59a,grp_0e3a452c1586f78ecbb4
img_dc33ebf770608c56b0fd,grp_79478cce1ee03d04725a
img_dd2fc720892f70d17d89,grp_fb87d381168429ec9d71
img_ddaa070290ebefe94a52,grp_57f1189dc6f3d815391a
img_ddf3869b5ffbb72f0117,grp_fb87d381168429ec9d71
img_de2c21088acdedd84546,grp_da3dd3ad66f7890cce7f
img_dea24f8917946c2c00f1,grp_be4c772cbe2f88dcc9b6
img_e0445efcc2c1062cd1f7,grp_e113a5b9167fe2d2a5e3
img_e06a2cdfaf687e96b878,grp_9821497cb3bd9006f5c6
img_e1e2e306cd6b76c720e3,grp_1e3f6a4257b4932333e8
img_e2196c6c9829e186ca1a,grp_6e932899ef13e468c346
img_e225919092c68cc5c121,grp_cf5c02f39b5dcd459b4c
img_e2d3f38ad057bbaa2c09,grp_de1db6b9786b4bc77737
img_e2fa4f3b7c981d063c56,grp_94fcdddae397a39ce241
img_e30d394105dfb3219714,grp_d325e97d64a4f8164467
img_e3d772979ebec182c1c4,grp_16a804f2c9951283c5de
img_e3e09ba60d2160d01a63,grp_c03b6b63f19c3cc349ac
img_e3e6e7d6b73f23147ed5,grp_bf3fa812f56cbde3bc67
img_e3ee08da38262bb48e77,grp_8fb9977430320ffec408
img_e42bacf14660902717c0,grp_e4426daafbb189b5bf76
img_e4a93efc46a57c18fd14,grp_9081da3b83ec50963ab3
img_e4e0a368f0948240e15e,grp_676fcd5d6be9ad96c5e1
img_e5963734817e3f03eaf4,grp_4b14d1e30479be0c7241
img_e624340684075b20e4c6,grp_709ad0b6779a69b4641c
img_e6a6cbe088e77f62ddd4,grp_7c039d9f1845110b6806
img_e70495961ecfe3ea94d6,grp_d522b3be8023f9c15cc5
img_e73c04fcc6f37ec164a3,grp_f1e081308dc56104c0c4
img_e75541aefcd493ab7af3,grp_9195eda337b7a43a23dd
img_e77fa1d9507519bac80b,grp_bfeba4237e27cf3d0e20
img_e78dfa8118da24739b49,grp_36b1cccb44c2c4feb31b
img_e7aad5defda605c8d1f1,grp_7ec3b9c207416b919e03
img_e7b0d4afcc04f3d9ba33,grp_973baac9540c07c0e21c
img_e804b1e400f218c8e136,grp_685453d91b495a4ac279
img_e8178c631b45d7f17d54,grp_53969992aea2f1f44b50
img_e95a9c462faf38ab48b1,grp_3799f33c1f290ab117b6
img_e9685b874850ee3ba2b6,grp_8e1dd1e549591f711e54
img_e9bbe11d65fe9b30062a,grp_4fd1f446d71a7fa04337
img_ebde8c212b152ab960d6,grp_389d3e0453dca8a5ecce
img_ec12ff4744273b734a2e,grp_20b8d9316d343a849a9f
img_ec9f9b4d270b92fc3089,grp_dde7ad3b7c50c6c679e4
img_ecfb4fbe8faedeebdcf3,grp_711af026a26b05b4e52b
img_ed98196b39bf0d7da3ec,grp_fb87d381168429ec9d71
img_ede74332b5fb1ac998f4,grp_b7f2a1f85a657419accf
img_eeab01ff4cda38438a40,grp_cf1e63d45efac995fb79
img_eeb0f947d334f1551a3a,grp_0fdb574cc4038940b0f3
img_ef0495a7da3404d22f81,grp_66fe9ab552eb61d01637
img_ef13b35200aebafe346d,grp_e90b43e4f8b6d025ed49
img_ef4eeab641acac069d35,grp_a18f72d2f1e6032cc83d
img_efbcb814a6ab135f54be,grp_abd2d8236f23b4ced319
img_efe2d6eb88f8d6f13cfd,grp_38da2cb69dff7c2aa852
img_f001257746e09cad379c,grp_4c804c569f6af487936d
img_f02e6601b5bc5a2956ef,grp_10157277794da405c8da
img_f0e11699590270e4e380,grp_d2e139c50ab7d13b2318
img_f16018c0b96e38661df2,grp_8704ad4da73af0833274
img_f189eec4ebbd1e816725,grp_b1fdb576f0d244236eb9
img_f195992d7c8f4a8d4faa,grp_9228b7e5c723ff70fc25
img_f1d75301ed1af0799f9d,grp_2940fdd0fe67b2b9c681
img_f1f41acccdd54f1be7f5,grp_5173161fdb9f1fdf4185
img_f21dcc4777c8ca6e9a96,grp_4d3732bd20fec1685059
img_f28843da35dd3178406d,grp_689255dfb44b09571741
img_f2ca49013f970dee859a,grp_929ba9664e51c439f2e5
img_f385fc4a7fee5013aee7,grp_e9ab4101dc4f5d200318
img_f428c940f8863ecd18c5,grp_13f0d33ba77f188674d5
img_f43b43bbb80153e94cb6,grp_83a6e5add011e6df88a1
img_f453c9a561bae8547418,grp_575586d03f08dcb99103
img_f483abf395033e6fb82f,grp_ab05b998b3b072846f87
img_f489ca4b629cf2d31cac,grp_9d64cd205e1dd32d9a7b
img_f55f033fe8d986b614cc,grp_df50da9a5fd28d019819
img_f5ce7b48227dd48e5254,grp_a4484fc474f1bd86e219
img_f601c759e55353896900,grp_77f4f4afdd671c4073ba
img_f6b3650c801d37597b8d,grp_3b1147d0c143a7e83c61
img_f6e59fa56390657c992e,grp_50116a927f974c927fda
img_f6f72d40bcf0e3698409,grp_19f4755178bcaa143f19
img_f708e03db1b509a389fd,grp_8743efc5ab92019d3bc7
img_f730f507940eec81ad08,grp_fb87d381168429ec9d71
img_f74b9f19f2513321e3f3,grp_d2c1e3f46b3c82458e2b
img_f74f1b3a6874c6b1ce0e,grp_354491764e17c1bc698d
img_f759ea019f0456cd4da8,grp_93651756929a3846063a
img_f79892aa5b17f70428e6,grp_fb87d381168429ec9d71
img_f7b03ec25c357f0c4454,grp_f93d355b8275b82b4d5d
img_f85b8be1f228d3f5e978,grp_caee6d0af46e87a94693
img_f87fb46d0997860a4e9d,grp_9d4ae5df37716b628ef7
img_f8e056edb8cce02c6054,grp_4b1158afe1bb7b5dea36
img_f8e8e1a46bd8cea56146,grp_87146fa6e75509b6d3f3
img_f9b8a94127e5e942c403,grp_e92d4f165855ad465f91
img_fa6a45af6bce08f731e3,grp_5c9010ce734c7e19e25f
img_facb1675134c06cebda4,grp_ae798bf3f044766a1d47
img_faf61368b44f4b05dba3,grp_69564c408246764f980a
img_fb14cabd0f98a15953b7,grp_fd98f1bd84a439562eaa
img_fb2459d50cffa955356d,grp_fb87d381168429ec9d71
img_fbac5cec31f542c261f3,grp_0e0cd22aec0161598b4d
img_fc2fce1a2e886409d236,grp_7849b21ce539c6018ea6
img_fc64bc2da07b45040541,grp_5ce1104a05fc1a6cda37
img_fce1204f14a5932aaaf8,grp_cc1a4eb4f9d217c77a80
img_fced9877ec2b105d584e,grp_903d801ea0c7011046fa
img_fd3a68ec492752cef69e,grp_79f95d77938273f2b266
img_fd6455fa9c84998eded9,grp_767e09c27708e7698642
img_fd760985709f08bbf91b,grp_24ff8bc74fec49529971
img_fe0f9be916d68290fcf1,grp_e8eea21d754495c5f059
img_fe3ac8264708b03eed14,grp_b92e394e581ebfb06862
img_fe56e644d5f59d078261,grp_d75e1fa0fdd4d4a42f73
img_fe7ba9b469135331db51,grp_bdc6e71b3ec3e71f3885
img_fed5d1688f377753ca68,grp_09099ab0a695fa829e3c
img_ff79f4fea547187f544e,grp_4a41438f0c759e3bf387
img_ffbadd2ee398ec508dda,grp_191859db26ee789b9ed0
img_ffc5f613aa2009f2f706,grp_c4de0e35cc32edcf6919
